{
  "baseline": {
    "seed_0": {
      "arc_challenge_acc,none": 0.285,
      "arc_challenge_acc_stderr,none": 0.03199992148231578,
      "arc_challenge_acc_norm,none": 0.32,
      "arc_challenge_acc_norm_stderr,none": 0.033067617644508635,
      "hellaswag_acc,none": 0.405,
      "hellaswag_acc_stderr,none": 0.034798414450104,
      "hellaswag_acc_norm,none": 0.52,
      "hellaswag_acc_norm_stderr,none": 0.03541569365103447,
      "truthfulqa_mc2_acc,none": 0.4006875758781081,
      "truthfulqa_mc2_acc_stderr,none": 0.028091154822034684
    },
    "seed_1": {
      "arc_challenge_acc,none": 0.285,
      "arc_challenge_acc_stderr,none": 0.03199992148231578,
      "arc_challenge_acc_norm,none": 0.32,
      "arc_challenge_acc_norm_stderr,none": 0.033067617644508635,
      "hellaswag_acc,none": 0.405,
      "hellaswag_acc_stderr,none": 0.034798414450104,
      "hellaswag_acc_norm,none": 0.52,
      "hellaswag_acc_norm_stderr,none": 0.03541569365103447,
      "truthfulqa_mc2_acc,none": 0.4006875758781081,
      "truthfulqa_mc2_acc_stderr,none": 0.028091154822034684
    },
    "seed_2": {
      "arc_challenge_acc,none": 0.285,
      "arc_challenge_acc_stderr,none": 0.03199992148231578,
      "arc_challenge_acc_norm,none": 0.32,
      "arc_challenge_acc_norm_stderr,none": 0.033067617644508635,
      "hellaswag_acc,none": 0.405,
      "hellaswag_acc_stderr,none": 0.034798414450104,
      "hellaswag_acc_norm,none": 0.52,
      "hellaswag_acc_norm_stderr,none": 0.03541569365103447,
      "truthfulqa_mc2_acc,none": 0.4006875758781081,
      "truthfulqa_mc2_acc_stderr,none": 0.028091154822034684
    },
    "seed_3": {
      "arc_challenge_acc,none": 0.285,
      "arc_challenge_acc_stderr,none": 0.03199992148231578,
      "arc_challenge_acc_norm,none": 0.32,
      "arc_challenge_acc_norm_stderr,none": 0.033067617644508635,
      "hellaswag_acc,none": 0.405,
      "hellaswag_acc_stderr,none": 0.034798414450104,
      "hellaswag_acc_norm,none": 0.52,
      "hellaswag_acc_norm_stderr,none": 0.03541569365103447,
      "truthfulqa_mc2_acc,none": 0.4006875758781081,
      "truthfulqa_mc2_acc_stderr,none": 0.028091154822034684
    },
    "seed_4": {
      "arc_challenge_acc,none": 0.285,
      "arc_challenge_acc_stderr,none": 0.03199992148231578,
      "arc_challenge_acc_norm,none": 0.32,
      "arc_challenge_acc_norm_stderr,none": 0.033067617644508635,
      "hellaswag_acc,none": 0.405,
      "hellaswag_acc_stderr,none": 0.034798414450104,
      "hellaswag_acc_norm,none": 0.52,
      "hellaswag_acc_norm_stderr,none": 0.03541569365103447,
      "truthfulqa_mc2_acc,none": 0.4006875758781081,
      "truthfulqa_mc2_acc_stderr,none": 0.028091154822034684
    }
  },
  "svd90": {
    "seed_0": {
      "arc_challenge_acc,none": 0.295,
      "arc_challenge_acc_stderr,none": 0.03232801420614266,
      "arc_challenge_acc_norm,none": 0.335,
      "arc_challenge_acc_norm_stderr,none": 0.03345851702943583,
      "hellaswag_acc,none": 0.405,
      "hellaswag_acc_stderr,none": 0.034798414450104,
      "hellaswag_acc_norm,none": 0.49,
      "hellaswag_acc_norm_stderr,none": 0.035436970729343674,
      "truthfulqa_mc2_acc,none": 0.39417257547981144,
      "truthfulqa_mc2_acc_stderr,none": 0.028299826807025474
    },
    "seed_1": {
      "arc_challenge_acc,none": 0.295,
      "arc_challenge_acc_stderr,none": 0.03232801420614266,
      "arc_challenge_acc_norm,none": 0.335,
      "arc_challenge_acc_norm_stderr,none": 0.03345851702943583,
      "hellaswag_acc,none": 0.405,
      "hellaswag_acc_stderr,none": 0.034798414450104,
      "hellaswag_acc_norm,none": 0.49,
      "hellaswag_acc_norm_stderr,none": 0.035436970729343674,
      "truthfulqa_mc2_acc,none": 0.39417257547981144,
      "truthfulqa_mc2_acc_stderr,none": 0.028299826807025474
    },
    "seed_2": {
      "arc_challenge_acc,none": 0.295,
      "arc_challenge_acc_stderr,none": 0.03232801420614266,
      "arc_challenge_acc_norm,none": 0.335,
      "arc_challenge_acc_norm_stderr,none": 0.03345851702943583,
      "hellaswag_acc,none": 0.405,
      "hellaswag_acc_stderr,none": 0.034798414450104,
      "hellaswag_acc_norm,none": 0.49,
      "hellaswag_acc_norm_stderr,none": 0.035436970729343674,
      "truthfulqa_mc2_acc,none": 0.39417257547981144,
      "truthfulqa_mc2_acc_stderr,none": 0.028299826807025474
    },
    "seed_3": {
      "arc_challenge_acc,none": 0.295,
      "arc_challenge_acc_stderr,none": 0.03232801420614266,
      "arc_challenge_acc_norm,none": 0.335,
      "arc_challenge_acc_norm_stderr,none": 0.03345851702943583,
      "hellaswag_acc,none": 0.405,
      "hellaswag_acc_stderr,none": 0.034798414450104,
      "hellaswag_acc_norm,none": 0.49,
      "hellaswag_acc_norm_stderr,none": 0.035436970729343674,
      "truthfulqa_mc2_acc,none": 0.39417257547981144,
      "truthfulqa_mc2_acc_stderr,none": 0.028299826807025474
    },
    "seed_4": {
      "arc_challenge_acc,none": 0.295,
      "arc_challenge_acc_stderr,none": 0.03232801420614266,
      "arc_challenge_acc_norm,none": 0.335,
      "arc_challenge_acc_norm_stderr,none": 0.03345851702943583,
      "hellaswag_acc,none": 0.405,
      "hellaswag_acc_stderr,none": 0.034798414450104,
      "hellaswag_acc_norm,none": 0.49,
      "hellaswag_acc_norm_stderr,none": 0.035436970729343674,
      "truthfulqa_mc2_acc,none": 0.39417257547981144,
      "truthfulqa_mc2_acc_stderr,none": 0.028299826807025474
    }
  },
  "comparisons": {
    "arc_challenge_acc,none": {
      "baseline": {
        "mean": 0.285,
        "std": 0.0,
        "min": 0.285,
        "max": 0.285,
        "ci95": 0.0,
        "n": 5,
        "values": [
          0.285,
          0.285,
          0.285,
          0.285,
          0.285
        ]
      },
      "svd90": {
        "mean": 0.295,
        "std": 0.0,
        "min": 0.295,
        "max": 0.295,
        "ci95": 0.0,
        "n": 5,
        "values": [
          0.295,
          0.295,
          0.295,
          0.295,
          0.295
        ]
      },
      "difference": 0.010000000000000009,
      "t_statistic": -Infinity,
      "p_value": 0.0,
      "significant": 1.0
    },
    "arc_challenge_acc_norm,none": {
      "baseline": {
        "mean": 0.32,
        "std": 0.0,
        "min": 0.32,
        "max": 0.32,
        "ci95": 0.0,
        "n": 5,
        "values": [
          0.32,
          0.32,
          0.32,
          0.32,
          0.32
        ]
      },
      "svd90": {
        "mean": 0.335,
        "std": 0.0,
        "min": 0.335,
        "max": 0.335,
        "ci95": 0.0,
        "n": 5,
        "values": [
          0.335,
          0.335,
          0.335,
          0.335,
          0.335
        ]
      },
      "difference": 0.015000000000000013,
      "t_statistic": -Infinity,
      "p_value": 0.0,
      "significant": 1.0
    },
    "arc_challenge_acc_norm_stderr,none": {
      "baseline": {
        "mean": 0.033067617644508635,
        "std": 0.0,
        "min": 0.033067617644508635,
        "max": 0.033067617644508635,
        "ci95": 0.0,
        "n": 5,
        "values": [
          0.033067617644508635,
          0.033067617644508635,
          0.033067617644508635,
          0.033067617644508635,
          0.033067617644508635
        ]
      },
      "svd90": {
        "mean": 0.03345851702943583,
        "std": 0.0,
        "min": 0.03345851702943583,
        "max": 0.03345851702943583,
        "ci95": 0.0,
        "n": 5,
        "values": [
          0.03345851702943583,
          0.03345851702943583,
          0.03345851702943583,
          0.03345851702943583,
          0.03345851702943583
        ]
      },
      "difference": 0.0003908993849271944,
      "t_statistic": -Infinity,
      "p_value": 0.0,
      "significant": 1.0
    },
    "arc_challenge_acc_stderr,none": {
      "baseline": {
        "mean": 0.03199992148231578,
        "std": 0.0,
        "min": 0.03199992148231578,
        "max": 0.03199992148231578,
        "ci95": 0.0,
        "n": 5,